{
	"version": "0.7.2",
	"animations": {
		"idle": {
			"groups": {
				"body": {
					"translate": [
						[0, "linear", 0, 0, 0],
						[0.08, "linear", 0, -0.0405, 0],
						[0.16, "linear", 0, -0.1035, 0],
						[0.24, "linear", 0, -0.1575, 0],
						[0.32, "linear", 0, -0.18, 0],
						[0.4, "linear", 0, -0.153, 0],
						[0.48, "linear", 0, -0.09, 0],
						[0.56, "linear", 0, -0.027, 0],
						[0.64, "linear", 0, 0, 0],
						[0.72, "linear", 0, -0.027, 0],
						[0.8, "linear", 0, -0.09, 0],
						[0.88, "linear", 0, -0.153, 0],
						[0.96, "linear", 0, -0.18, 0],
						[1.04, "linear", 0, -0.153, 0],
						[1.12, "linear", 0, -0.09, 0],
						[1.2, "linear", 0, -0.027, 0],
						[1.28, "linear", 0, 0, 0],
						[1.36, "linear", 0, -0.027, 0],
						[1.44, "linear", 0, -0.09, 0],
						[1.52, "linear", 0, -0.153, 0],
						[1.6, "linear", 0, -0.18, 0],
						[1.68, "linear", 0, -0.153, 0],
						[1.76, "linear", 0, -0.09, 0],
						[1.84, "linear", 0, -0.027, 0],
						[1.92, "linear", 0, 0, 0],
						[2, "linear", 0, -0.027, 0],
						[2.08, "linear", 0, -0.09, 0],
						[2.16, "linear", 0, -0.153, 0],
						[2.24, "linear", 0, -0.18, 0],
						[2.32, "linear", 0, -0.1575, 0],
						[2.4, "linear", 0, -0.099, 0],
						[2.48, "linear", 0, -0.0405, 0],
						[2.56, "linear", 0, 0, 0]
					],
					"scale": [
						[0, "linear", 1, 1, 1],
						[0.08, "linear", 0.99505, 1.00477, 1],
						[0.12, "linear", 0.99438, 1.00563, 1],
						[0.16, "linear", 0.99528, 1.00491, 1],
						[0.24, "linear", 0.99897, 1.00189, 1],
						[0.32, "linear", 1.00356, 0.99811, 1],
						[0.4, "linear", 1.00707, 0.9951, 1],
						[0.44, "linear", 1.00788, 0.99438, 1],
						[0.48, "linear", 1.00765, 0.99442, 1],
						[0.56, "linear", 1.00401, 0.99694, 1],
						[0.64, "linear", 1, 1, 1],
						[0.72, "linear", 0.99473, 1.005, 1],
						[0.76, "linear", 0.99438, 1.00563, 1],
						[0.8, "linear", 0.99528, 1.00491, 1],
						[0.88, "linear", 0.99897, 1.00189, 1],
						[0.96, "linear", 1.00356, 0.99811, 1],
						[1.04, "linear", 1.00707, 0.9951, 1],
						[1.08, "linear", 1.00788, 0.99438, 1],
						[1.12, "linear", 1.00765, 0.99442, 1],
						[1.2, "linear", 1.00401, 0.99694, 1],
						[1.28, "linear", 1, 1, 1],
						[1.36, "linear", 0.99473, 1.005, 1],
						[1.4, "linear", 0.99438, 1.00563, 1],
						[1.44, "linear", 0.99528, 1.00491, 1],
						[1.52, "linear", 0.99897, 1.00189, 1],
						[1.6, "linear", 1.00356, 0.99811, 1],
						[1.68, "linear", 1.00707, 0.9951, 1],
						[1.72, "linear", 1.00788, 0.99438, 1],
						[1.76, "linear", 1.00765, 0.99442, 1],
						[1.84, "linear", 1.00401, 0.99694, 1],
						[1.92, "linear", 1, 1, 1],
						[2, "linear", 0.99473, 1.005, 1],
						[2.04, "linear", 0.99438, 1.00563, 1],
						[2.08, "linear", 0.99528, 1.00491, 1],
						[2.16, "linear", 0.99897, 1.00189, 1],
						[2.24, "linear", 1.00356, 0.99811, 1],
						[2.32, "linear", 1.00707, 0.9951, 1],
						[2.36, "linear", 1.00788, 0.99438, 1],
						[2.4, "linear", 1.00756, 0.99451, 1],
						[2.48, "linear", 1.0036, 0.99735, 1],
						[2.56, "linear", 1, 1, 1]
					],
					"rotate": [
						[0, "linear", 0, 0, 0],
						[0.08, "linear", -0.153, 0.135, 0],
						[0.16, "linear", -0.369, 0.3285, 0],
						[0.24, "linear", -0.5355, 0.5445, 0],
						[0.28, "linear", -0.5625, 0.6435, 0],
						[0.32, "linear", -0.5445, 0.7245, 0],
						[0.4, "linear", -0.423, 0.918, 0],
						[0.48, "linear", -0.243, 1.1115, 0],
						[0.56, "linear", -0.081, 1.269, 0],
						[0.64, "linear", 0, 1.35, 0],
						[0.72, "linear", -0.072, 1.3185, 0],
						[0.8, "linear", -0.2385, 1.1835, 0],
						[0.88, "linear", -0.387, 0.999, 0],
						[0.92, "linear", -0.4095, 0.9, 0],
						[0.96, "linear", -0.396, 0.819, 0],
						[1.04, "linear", -0.297, 0.6255, 0],
						[1.12, "linear", -0.162, 0.405, 0],
						[1.2, "linear", -0.0405, 0.1935, 0],
						[1.28, "linear", 0, 0, 0],
						[1.36, "linear", -0.1215, -0.2025, 0],
						[1.44, "linear", -0.351, -0.378, 0],
						[1.52, "linear", -0.531, -0.549, 0],
						[1.56, "linear", -0.5625, -0.6435, 0],
						[1.6, "linear", -0.5445, -0.7245, 0],
						[1.68, "linear", -0.423, -0.918, 0],
						[1.76, "linear", -0.243, -1.1115, 0],
						[1.84, "linear", -0.081, -1.269, 0],
						[1.92, "linear", 0, -1.35, 0],
						[2, "linear", -0.072, -1.3185, 0],
						[2.08, "linear", -0.2385, -1.1835, 0],
						[2.16, "linear", -0.387, -0.999, 0],
						[2.2, "linear", -0.4095, -0.9, 0],
						[2.24, "linear", -0.396, -0.8145, 0],
						[2.32, "linear", -0.3195, -0.5985, 0],
						[2.4, "linear", -0.198, -0.3645, 0],
						[2.48, "linear", -0.081, -0.1485, 0],
						[2.56, "linear", 0, 0, 0]
					]
				},
				"arm_right": {
					"translate": [
						[0, "linear", 0, -0.02025, 0],
						[0.08, "linear", 0, -0.02025, 0],
						[0.16, "linear", 0, -0.072, 0],
						[0.24, "linear", 0, -0.1305, 0],
						[0.32, "linear", 0, -0.16875, 0],
						[0.4, "linear", 0, -0.1665, 0],
						[0.48, "linear", 0, -0.1215, 0],
						[0.56, "linear", 0, -0.0585, 0],
						[0.64, "linear", 0, -0.0135, 0],
						[0.72, "linear", 0, -0.0135, 0],
						[0.8, "linear", 0, -0.0585, 0],
						[0.88, "linear", 0, -0.1215, 0],
						[0.96, "linear", 0, -0.1665, 0],
						[1.04, "linear", 0, -0.1665, 0],
						[1.12, "linear", 0, -0.1215, 0],
						[1.2, "linear", 0, -0.0585, 0],
						[1.28, "linear", 0, -0.0135, 0],
						[1.36, "linear", 0, -0.0135, 0],
						[1.44, "linear", 0, -0.0585, 0],
						[1.52, "linear", 0, -0.1215, 0],
						[1.6, "linear", 0, -0.1665, 0],
						[1.68, "linear", 0, -0.1665, 0],
						[1.76, "linear", 0, -0.1215, 0],
						[1.84, "linear", 0, -0.0585, 0],
						[1.92, "linear", 0, -0.0135, 0],
						[2, "linear", 0, -0.0135, 0],
						[2.08, "linear", 0, -0.0585, 0],
						[2.16, "linear", 0, -0.1215, 0],
						[2.24, "linear", 0, -0.1665, 0],
						[2.32, "linear", 0, -0.16875, 0],
						[2.4, "linear", 0, -0.12825, 0],
						[2.48, "linear", 0, -0.06975, 0],
						[2.56, "linear", 0, -0.02025, 0]
					],
					"rotate": [
						[0, "linear", 0, 0, 7.875],
						[0.08, "linear", 0, 0, 10.341],
						[0.16, "linear", 0, 0, 11.475],
						[0.24, "linear", 0, 0, 8.955],
						[0.32, "linear", 0, 0, 4.896],
						[0.4, "linear", 0, 0, 1.539],
						[0.44, "linear", 0, 0, 0.8235],
						[0.48, "linear", 0, 0, 1.1565],
						[0.56, "linear", 0, 0, 4.455],
						[0.64, "linear", 0, 0, 7.875],
						[0.72, "linear", 0, 0, 10.782],
						[0.8, "linear", 0, 0, 11.475],
						[0.88, "linear", 0, 0, 8.955],
						[0.96, "linear", 0, 0, 4.896],
						[1.04, "linear", 0, 0, 1.539],
						[1.08, "linear", 0, 0, 0.8235],
						[1.12, "linear", 0, 0, 1.1565],
						[1.2, "linear", 0, 0, 4.455],
						[1.28, "linear", 0, 0, 7.875],
						[1.36, "linear", 0, 0, 10.782],
						[1.44, "linear", 0, 0, 11.475],
						[1.52, "linear", 0, 0, 8.955],
						[1.6, "linear", 0, 0, 4.896],
						[1.68, "linear", 0, 0, 1.539],
						[1.72, "linear", 0, 0, 0.8235],
						[1.76, "linear", 0, 0, 1.1565],
						[1.84, "linear", 0, 0, 4.455],
						[1.92, "linear", 0, 0, 7.875],
						[2, "linear", 0, 0, 10.782],
						[2.08, "linear", 0, 0, 11.475],
						[2.16, "linear", 0, 0, 8.955],
						[2.24, "linear", 0, 0, 4.896],
						[2.32, "linear", 0, 0, 1.539],
						[2.36, "linear", 0, 0, 0.8235],
						[2.4, "linear", 0, 0, 1.215],
						[2.48, "linear", 0, 0, 4.7115],
						[2.56, "linear", 0, 0, 7.875]
					]
				},