{
	"version": "0.7.2",
	"animations": {
		"closed": {
			"groups": {},
			"duration": 0
		},
		"open": {
			"groups": {
				"right_door": {
					"rotate": [
						[0, "linear", 0, 90, 0]
					]
				},
				"left_door": {
					"rotate": [
						[0, "linear", 0, -90, 0]
					]
				}
			},
			"duration": 0
		},
		"opening": {
			"groups": {
				"right_door": {
					"rotate": [
						[0, "linear", 0, 0, 0],
						[0.25, "linear", 0, 90, 0],
						[0.5, "linear", 0, 90, 0],
						[0.04167, "linear", 0, 10.83, 0],
						[0.08333, "linear", 0, 26.67, 0],
						[0.125, "linear", 0, 45, 0],
						[0.16667, "linear", 0, 63.33, 0],
						[0.20833, "linear", 0, 79.17, 0],
						[0.29167, "linear", 0, 95.21, 0],
						[0.33333, "linear", 0, 96.67, 0],
						[0.375, "linear", 0, 95.63, 0],
						[0.41667, "linear", 0, 93.33, 0],
						[0.45833, "linear", 0, 91.04, 0]
					]
				},
				"left_door": {
					"rotate": [
						[0, "linear", 0, 0, 0],
						[0.5, "linear", 0, -90, 0],
						[0.25, "linear", 0, -90, 0],
						[0.04167, "linear", 0, -10.83, 0],
						[0.08333, "linear", 0, -26.67, 0],
						[0.125, "linear", 0, -45, 0],
						[0.16667, "linear", 0, -63.33, 0],
						[0.20833, "linear", 0, -79.17, 0],
						[0.29167, "linear", 0, -95.21, 0],
						[0.33333, "linear", 0, -96.67, 0],
						[0.375, "linear", 0, -95.62, 0],
						[0.41667, "linear", 0, -93.33, 0],
						[0.45833, "linear", 0, -91.04, 0]
					]
				}
			},
			"duration": 0.5
		},
		"closing": {
			"groups": {
				"right_door": {
					"rotate": [
						[0, "linear", 0, 90, 0],
						[0.25, "linear", 0, 0, 0],
						[0.5, "linear", 0, 0, 0],
						[0.04167, "linear", 0, 79.17, 0],
						[0.08333, "linear", 0, 63.33, 0],
						[0.125, "linear", 0, 45, 0],
						[0.16667, "linear", 0, 26.67, 0],
						[0.20833, "linear", 0, 10.83, 0],
						[0.29167, "linear", 0, -5.21, 0],
						[0.33333, "linear", 0, -6.67, 0],
						[0.375, "linear", 0, -5.62, 0],
						[0.41667, "linear", 0, -3.33, 0],
						[0.45833, "linear", 0, -1.04, 0]
					]
				},
				"left_door": {
					"rotate": [
						[0, "linear", 0, -90, 0],
						[0.25, "linear", 0, 0, 0],
						[0.5, "linear", 0, 0, 0],
						[0.04167, "linear", 0, -79.17, 0],
						[0.08333, "linear", 0, -63.33, 0],
						[0.125, "linear", 0, -45, 0],
						[0.16667, "linear", 0, -26.67, 0],
						[0.20833, "linear", 0, -10.83, 0],
						[0.29167, "linear", 0, 5.21, 0],
						[0.33333, "linear", 0, 6.67, 0],
						[0.375, "linear", 0, 5.63, 0],
						[0.41667, "linear", 0, 3.33, 0],
						[0.45833, "linear", 0, 1.04, 0]
					]
				}
			},
			"duration": 0.5
		}
	},
	"model": {
		"groups": {
			"right_door": {
				"origin": [6.5, 6.5, -6.5],
				"parent": "root",
				"cubes": [
					{
						"origin": [6.5, 6.5, -6.5],
						"from": [0, 1, -7],
						"size": [7, 11, 1],
						"uvs": {
							"front": [0, 30, 7, 41],
							"back": [0, 30, 7, 41],
							"right": [14, 30, 15, 41],
							"left": [15, 30, 16, 41],
							"bottom": [39, 23, 32, 24],
							"top": [39, 23, 32, 22]
						}
					},
					{
						"origin": [1.5, 6.25, -7.5],
						"from": [1, 4.25, -8],
						"size": [1, 4, 1],
						"uvs": {
							"front": [33, 1, 34, 5],
							"back": [33, 1, 34, 5],
							"right": [33, 1, 34, 5],
							"left": [33, 1, 34, 5],
							"bottom": [34, 5, 33, 6],
							"top": [34, 6, 33, 5]
						}
					}
				]
			},
			"left_door": {
				"origin": [-6.5, 6.5, -6.5],
				"parent": "root",
				"cubes": [
					{
						"origin": [-6.5, 6.5, -6.5],
						"from": [-7, 1, -7],
						"size": [7, 11, 1],
						"uvs": {
							"front": [7, 30, 14, 41],
							"back": [7, 30, 14, 41],
							"right": [32, 0, 33, 11],
							"left": [32, 11, 33, 22],
							"bottom": [40, 0, 33, 1],
							"top": [37, 33, 30, 32]
						}
					},
					{
						"origin": [-1.5, 6.25, -7.5],
						"from": [-2, 4.25, -8],
						"size": [1, 4, 1],
						"uvs": {
							"front": [33, 1, 34, 5],
							"back": [33, 1, 34, 5],
							"right": [33, 1, 34, 5],
							"left": [33, 1, 34, 5],
							"bottom": [34, 5, 33, 6],
							"top": [34, 6, 33, 5]
						}
					}
				]
			},
			"root": {
				"origin": [0, 0, 0],
				"cubes": [
					{
						"origin": [0, 8, 0],
						"from": [-8, 0, -6],
						"size": [16, 12, 14],
						"uvs": {
							"front": [16, 0, 32, 12],
							"back": [16, 12, 32, 24],
							"right": [16, 24, 30, 36],
							"left": [16, 24, 30, 36],
							"bottom": [0, 16, 16, 30],
							"top": [16, 30, 0, 16]
						}
					},
					{
						"origin": [0, 8, 0],
						"from": [-8, 12, -8],
						"size": [16, 4, 16],
						"uvs": {
							"front": [30, 24, 46, 28],
							"back": [30, 28, 46, 32],
							"right": [30, 28, 46, 32],
							"left": [30, 28, 46, 32],
							"bottom": [0, 0, 16, 16],
							"top": [16, 16, 0, 0]
						}
					}
				]
			}
		},
		"texture": [64, 64]
	}
}